{
  "0": [
    -0.01105691766525024,
    0.4092067258600996
  ],
  "1": [
    0.10383126567210904,
    0.7626332343369734
  ],
  "4": [
    -0.6567503681382177,
    -0.2613469300970122
  ],
  "5": [
    -0.31479683866393826,
    -0.0018780360901651414
  ],
  "7": [
    0.32387674289527396,
    0.44681236007022207
  ],
  "11": [
    0.2135920992638231,
    0.343302818471772
  ],
  "16": [
    0.5910053487542524,
    -0.34838431275611137
  ],
  "29": [
    -0.05795326086534327,
    0.11281796607127915
  ],
  "2": [
    -0.14242327319720363,
    -0.06530324976670275
  ],
  "9": [
    -0.021263013006226253,
    -0.03902375970052461
  ],
  "10": [
    -0.11024304247721746,
    -0.36084521433565786
  ],
  "14": [
    -0.6436160754248568,
    0.1002981865305805
  ],
  "15": [
    -0.062031734630358194,
    -0.27122967664569103
  ],
  "17": [
    -0.6419926614318713,
    -0.1214197077719611
  ],
  "21": [
    0.08870228439124903,
    -0.6465888655246904
  ],
  "28": [
    -0.1095276884080484,
    -0.5153618317652093
  ],
  "32": [
    -0.11626357311380003,
    0.19371029842621243
  ],
  "39": [
    0.3610857174903562,
    0.004364237294693118
  ],
  "3": [
    0.0693233582702953,
    0.10990279427348382
  ],
  "8": [
    0.35347696175217197,
    0.16199088086018082
  ],
  "18": [
    -0.4476139574726143,
    0.0015105450720627675
  ],
  "20": [
    -0.26704933564160455,
    -0.2873928531844603
  ],
  "25": [
    -0.45153678728631236,
    0.20975370877435873
  ],
  "27": [
    0.22419726176110094,
    -0.3751277726544798
  ],
  "30": [
    0.1795747075349833,
    0.06085368920033865
  ],
  "31": [
    0.6056311066716692,
    0.03663808455769428
  ],
  "36": [
    0.5123761744851453,
    0.9195981475569578
  ],
  "12": [
    -0.25476298981507856,
    0.9817497341293286
  ],
  "26": [
    0.037647435697742565,
    -0.36234005703822836
  ],
  "37": [
    -0.9964057662096123,
    -0.20067654519473038
  ],
  "6": [
    -0.5524254506183833,
    -0.5551295470150185
  ],
  "13": [
    0.19793732955574123,
    -0.10848473008095669
  ],
  "22": [
    0.16151440425072047,
    0.15512919823539456
  ],
  "33": [
    -0.2524173603206082,
    0.25751049803670145
  ],
  "35": [
    -0.21416891312911165,
    0.5159150666463648
  ],
  "19": [
    0.2013690003671099,
    -0.7044788813520406
  ],
  "23": [
    -0.26876876850303527,
    -0.17029431893379401
  ],
  "24": [
    -0.25968107391333045,
    0.6670937761304131
  ],
  "34": [
    0.5741460230809434,
    -0.7167383401779948
  ],
  "38": [
    -0.32546313991505166,
    -0.4004661072517083
  ],
  "40": [
    0.8956588707859412,
    0.4244338674349245
  ],
  "41": [
    -0.2239596152734286,
    -0.9264502866252333
  ],
  "42": [
    -0.7690318488808061,
    -0.5997999135221629
  ],
  "43": [
    0.6407203819436035,
    0.7958363627487742
  ],
  "44": [
    0.9674781718087465,
    0.013490558485206337
  ],
  "45": [
    -1.0,
    0.33446202959409155
  ],
  "46": [
    0.9485482042200772,
    0.21766365230714524
  ],
  "47": [
    -1.0,
    0.9817497341293286
  ]
}