{
  "3106": [
    -200.0,
    196.97974932459687
  ],
  "469": [
    200.0,
    -196.97974932459692
  ]
}