{
  "3138": [
    -200.0,
    196.97974932459687
  ],
  "3140": [
    200.0,
    -196.97974932459692
  ]
}