{
  "452": [
    -200.0,
    196.97974932459672
  ],
  "247": [
    199.9999999999999,
    -196.97974932459672
  ]
}