{
  "248": [
    -200.0,
    196.97974932459687
  ],
  "249": [
    200.0,
    -196.97974932459692
  ]
}